"","FID","Reference","ReferenceNumb","studyYear","State","location","soil","Growth.stage.applied","applicationsNumb","trade.name","active.ingredient","active.ingredient.coded","class","class.code","amount","replications","mean.sep","rustSeverPerc","rustSeverPercLSD","rustSeverPercCont","rustSeverPercContLSD","rustSever1.8","rustSever1.8LSD","rustSever1.8Cont","rustSever1.8ContLSD","Tsincidence","TSincidenceLSD","TSincidenceCont","TSincidenceContLSD","Tsseverity","TSseverityLSD","TSseverityCont","TSseverityContLSD","CercoSever","CercoSeverLSD","CercoSeverCont","CercoSeverContLSD","yield","yieldLSD","yieldCont","yieldContLSD","seedWt","seedWtLSD","seedWtCont","seedWtContLSD","activeIngClean","combo_complete","alphaIngred","classClean","growthStateClean","scale","m1i","m2i","n2i","n1i","rust.m2i","number_applications","category_rstage","category_ai","category_class","category_pressure","category_year","yi","vi"
"1",1,"Mueller et al  ref 1",1,2007,"FL","NFREC","fine-loamy, thermic Plinthic Kandiudult","r4",1,"Roundup Weathermax","glyphosate","gly","herbicide","herbicide","48",5,"Fishers LSD (p</=0.05",98,6,100,6,NA,NA,NA,NA,NA,NA,NA,NA,NA,NA,NA,NA,NA,NA,NA,NA,29.2,3.2,34.4,3.2,9.92,0.57,9.92,0.57,"GLY","single",NA,"herbicide","4","Percent",9.92,9.92,5,5,100,1,NA,NA,NA,"high",NA,0,0.00406477627471384
"2",2,"Mueller et al  ref 1",1,2007,"FL","NFREC","fine-loamy, thermic Plinthic Kandiudult","r4",1,"Roundup Weathermax","glyphosate","gly","herbicide","herbicide","48",5,"Fishers LSD (p</=0.05",96,6,100,6,NA,NA,NA,NA,NA,NA,NA,NA,NA,NA,NA,NA,NA,NA,NA,NA,31.2,3.2,34.4,3.2,10.7,0.57,9.92,0.57,"GLY","single",NA,"herbicide","4","Percent",10.7,9.92,5,5,100,1,NA,NA,NA,"high",NA,0.075690820171079,0.00377926559390334
"3",3,"Mueller et al  ref 1",1,2007,"FL","NFREC","fine-loamy, thermic Plinthic Kandiudult","r4",1,"Headline ","pyraclostrobin","pyra","strobilurin","strobilurin","7.8",5,"Fishers LSD (p</=0.05",24,6,100,6,NA,NA,NA,NA,NA,NA,NA,NA,NA,NA,NA,NA,NA,NA,NA,NA,34.4,3.2,34.4,3.2,13.6,0.57,9.92,0.57,"PYR","single",NA,"strobilurin","4","Percent",13.6,9.92,5,5,100,1,NA,NA,"strobilurin","high",NA,0.315516871445225,0.00311370301624965
"4",50,"Mueller et al ref 9",9,2007,"FL","NFREC","fine-loamy, thermic Plinthic Kandiudult","r3",1,"Folicur + Induce","tebuconazole + surfactant","tebu+sur","mixed modes of action","mma","3",4,"Fishers LSD (p</=0.05",6,24,88,24,NA,NA,NA,NA,NA,NA,NA,NA,NA,NA,NA,NA,NA,NA,NA,NA,46.3,0.4,36.7,0.4,13.61,1.13,11.34,1.13,"MIXED","complete","SURF + TEBU","triaz + other","3","Percent",13.61,11.34,4,4,88,1,"3","MIXED",NA,"high",NA,0.182468518363769,0.00329373703522303
"5",51,"Mueller et al ref 9",9,2007,"FL","NFREC","fine-loamy, thermic Plinthic Kandiudult","r3",1,"Absolute + Induce","tebuconazole + trifloxystrobin + other","tebu+trif+oth","mixed modes of action","mma","3.4",4,"Fishers LSD (p</=0.05",7,24,88,24,NA,NA,NA,NA,NA,NA,NA,NA,NA,NA,NA,NA,NA,NA,NA,NA,44.8,0.4,36.7,0.4,15.03,1.13,11.34,1.13,"MIXED","complete","TEBU + TRIF + OTH","triaz + strob","3","Percent",15.03,11.34,4,4,88,1,"3","MIXED","triaz + strob","high",NA,0.281711905465277,0.00305075892213354
"6",52,"Mueller et al ref 9",9,2007,"FL","NFREC","fine-loamy, thermic Plinthic Kandiudult","r3",1,"Folicur ","tebuconazole","tebu","triazole","triazole","5.1",4,"Fishers LSD (p</=0.05",16,24,88,24,NA,NA,NA,NA,NA,NA,NA,NA,NA,NA,NA,NA,NA,NA,NA,NA,46.5,0.4,36.7,0.4,13.89,1.13,11.34,1.13,"TEBU","single",NA,"triazole","3","Percent",13.89,11.34,4,4,88,1,"3","TEBU","triazole","high",NA,0.202832858466646,0.00323987162248096
"7",53,"Mueller et al ref 9",9,2007,"FL","NFREC","fine-loamy, thermic Plinthic Kandiudult","r3",1,"Absolute ","tebuconazole + trifloxystrobin","tebu+trif","triazole","triazole","2.5",4,"Fishers LSD (p</=0.05",16,24,88,24,NA,NA,NA,NA,NA,NA,NA,NA,NA,NA,NA,NA,NA,NA,NA,NA,46.6,0.4,36.7,0.4,13.61,1.13,11.34,1.13,"MIXED","complete","TEBU + TRIF","triaz + strob","3","Percent",13.61,11.34,4,4,88,1,"3","MIXED","triaz + strob","high",NA,0.182468518363769,0.00329373703522303
"8",54,"Mueller et al ref 9",9,2007,"FL","NFREC","fine-loamy, thermic Plinthic Kandiudult","r3",1,"Absolute","tebuconazole + trifloxystrobin","tebu+trif","triazole","triazole","3.4",4,"Fishers LSD (p</=0.05",20,24,88,24,NA,NA,NA,NA,NA,NA,NA,NA,NA,NA,NA,NA,NA,NA,NA,NA,39.8,0.4,36.7,0.4,14.17,1.13,11.34,1.13,"MIXED","complete","TEBU + TRIF","triaz + strob","3","Percent",14.17,11.34,4,4,88,1,"3","MIXED","triaz + strob","high",NA,0.222790755402983,0.00318916770503616
"9",55,"Mueller et al ref 9",9,2007,"FL","NFREC","fine-loamy, thermic Plinthic Kandiudult","r3",1,"Folicur ","tebuconazole","tebu","triazole","triazole","6.8",4,"Fishers LSD (p</=0.05",29,24,88,24,NA,NA,NA,NA,NA,NA,NA,NA,NA,NA,NA,NA,NA,NA,NA,NA,44.4,0.4,36.7,0.4,13.32,1.13,11.34,1.13,"TEBU","single",NA,"triazole","3","Percent",13.32,11.34,4,4,88,1,"3","TEBU","triazole","high",NA,0.160930366812637,0.00335314568198246
"10",56,"Mueller et al ref 9",9,2007,"FL","NFREC","fine-loamy, thermic Plinthic Kandiudult","r3",1,"Folicur + Induce","tebuconazole + surfactant","tebu+sur","mixed modes of action","mma","4",4,"Fishers LSD (p</=0.05",31,24,88,24,NA,NA,NA,NA,NA,NA,NA,NA,NA,NA,NA,NA,NA,NA,NA,NA,44.8,0.4,36.7,0.4,13.89,1.13,11.34,1.13,"MIXED","complete","SURF + TEBU","triaz + other","3","Percent",13.89,11.34,4,4,88,1,"3","MIXED",NA,"high",NA,0.202832858466646,0.00323987162248096
"11",57,"Mueller et al ref 9",9,2007,"FL","NFREC","fine-loamy, thermic Plinthic Kandiudult","r3",1,"Headline","pyraclostrobin","pyra","strobilurin","strobilurin","5.5",4,"Fishers LSD (p</=0.05",58,24,88,24,NA,NA,NA,NA,NA,NA,NA,NA,NA,NA,NA,NA,NA,NA,NA,NA,46.3,0.4,36.7,0.4,13.32,1.13,11.34,1.13,"PYR","single",NA,"strobilurin","3","Percent",13.32,11.34,4,4,88,1,"3",NA,"strobilurin","high",NA,0.160930366812637,0.00335314568198246
"12",58,"Mueller et al ref 9",9,2007,"FL","NFREC","fine-loamy, thermic Plinthic Kandiudult","r3",1,"Stratego","propiconizole + trifloxystrobin","prop + trif","mixed modes of action","mma","6.8",4,"Fishers LSD (p</=0.05",73,24,88,24,NA,NA,NA,NA,NA,NA,NA,NA,NA,NA,NA,NA,NA,NA,NA,NA,41.1,0.4,36.7,0.4,12.47,1.13,11.34,1.13,"MIXED","complete","PROP + TRIF","triaz + strob","3","Percent",12.47,11.34,4,4,88,1,"3","MIXED","triaz + strob","high",NA,0.094989461392339,0.0035517866943402
"13",161,"Delaney ref 30",30,2013,"AL","EVSREC","Cahaba sandy loam","",1,"Topguard","flutrifol","flut","triazole","triazole","7",4,"Fishers LSD (p</=0.1",NA,NA,NA,NA,1.2,1,4.9,1,NA,NA,NA,NA,3.6,0.6,4,0.6,NA,NA,NA,NA,44.1,4.6,43.2,4.6,12.2,0.6,11.7,0.6,"FLUT","single",NA,"triazole","unknown","Scale 0-8",12.2,11.7,4,4,24,1,NA,"FLUT","triazole","low",NA,0.0418471099355005,0.00350593988401581
"14",162,"Delaney ref 30",30,2013,"AL","EVSREC","Cahaba sandy loam","",1,"Domark","tetraconazole","TETR","triazole","triazole","5",4,"Fishers LSD (p</=0.1",NA,NA,NA,NA,1.5,1,4.9,1,NA,NA,NA,NA,3.6,0.6,4,0.6,NA,NA,NA,NA,49,4.6,43.2,4.6,12.4,0.6,11.7,0.6,"TETR","single",NA,"triazole","unknown","Scale 0-8",12.4,11.7,4,4,24,1,NA,NA,"triazole","low",NA,0.0581076308072808,0.00345219438745146
"15",163,"Delaney ref 30",30,2013,"AL","EVSREC","Cahaba sandy loam","",1,"Tebuconazole","tebuconazole","tebu","triazole","triazole","4",4,"Fishers LSD (p</=0.1",NA,NA,NA,NA,2,1,4.9,1,NA,NA,NA,NA,4,0.6,4,0.6,NA,NA,NA,NA,47.7,4.6,43.2,4.6,12.8,0.6,11.7,0.6,"TEBU","single",NA,"triazole","unknown","Scale 0-8",12.8,11.7,4,4,24,1,NA,"TEBU","triazole","low",NA,0.0898563291218611,0.00335216278381593
"16",164,"Delaney ref 30",30,2013,"AL","EVSREC","Cahaba sandy loam","",1,"Headline","pyraclostrobin","pyra","strobilurin","strobilurin","6",4,"Fishers LSD (p</=0.1",NA,NA,NA,NA,2.7,1,4.9,1,NA,NA,NA,NA,3.9,0.6,4,0.6,NA,NA,NA,NA,42.9,4.6,43.2,4.6,11.9,0.6,11.7,0.6,"PYR","single",NA,"strobilurin","unknown","Scale 0-8",11.9,11.7,4,4,24,1,NA,NA,"strobilurin","low",NA,0.0169495583137734,0.00359169592473774
"17",165,"Delaney ref 30",30,2013,"AL","EVSREC","Cahaba sandy loam","",1,"Headline + Topguard","pyraclostrobin + flutrifol","pyra+flut","mixed modes of action","mma","6 + 7",4,"Fishers LSD (p</=0.1",NA,NA,NA,NA,1.3,1,4.9,1,NA,NA,NA,NA,3.1,0.6,4,0.6,NA,NA,NA,NA,51.4,4.6,43.2,4.6,12.8,0.6,11.7,0.6,"MIXED","complete","FLUT + PYR","triaz + strob","unknown","Scale 0-8",12.8,11.7,4,4,24,1,NA,"MIXED","triaz + strob","low",NA,0.0898563291218611,0.00335216278381593
"18",166,"Delaney ref 30",30,2013,"AL","EVSREC","Cahaba sandy loam","",1,"Priaxor","fluxapyroxad + pyraclostrobin","flux+pyra","mixed modes of action","mma","4",4,"Fishers LSD (p</=0.1",NA,NA,NA,NA,3.6,1,4.9,1,NA,NA,NA,NA,3.5,0.6,4,0.6,NA,NA,NA,NA,41.5,4.6,43.2,4.6,12.2,0.6,11.7,0.6,"MIXED","complete","FLUX + PYR","strobilurin","unknown","Scale 0-8",12.2,11.7,4,4,24,1,NA,"MIXED","strobilurin","low",NA,0.0418471099355005,0.00350593988401581
"19",167,"Delaney ref 30",30,2013,"AL","EVSREC","Cahaba sandy loam","",1,"Quilt Xcel","azoxystrobin + propiconazole","azo+prop","mixed modes of action","mma","14",4,"Fishers LSD (p</=0.1",NA,NA,NA,NA,3.6,1,4.9,1,NA,NA,NA,NA,3.6,0.6,4,0.6,NA,NA,NA,NA,44.5,4.6,43.2,4.6,11.8,0.6,11.7,0.6,"MIXED","complete","AZO + PROP","triaz + strob","unknown","Scale 0-8",11.8,11.7,4,4,24,1,NA,"MIXED","triaz + strob","low",NA,0.00851068966790883,0.00362174495196984
"20",168,"Delaney ref 30",30,2013,"AL","EVSREC","Cahaba sandy loam","",1,"Quadris Top SB","azoxystrobin + difenoconazole","azo+dife","mixed modes of action","mma","12",4,"Fishers LSD (p</=0.1",NA,NA,NA,NA,2.7,1,4.9,1,NA,NA,NA,NA,3.2,0.6,4,0.6,NA,NA,NA,NA,46.3,4.6,43.2,4.6,12.2,0.6,11.7,0.6,"MIXED","complete","AZO + DIF","triaz + strob","unknown","Scale 0-8",12.2,11.7,4,4,24,1,NA,"MIXED","triaz + strob","low",NA,0.0418471099355005,0.00350593988401581
"21",169,"Delaney ref 30",30,2013,"AL","EVSREC","Cahaba sandy loam","",1,"Stratego YLD","prothioconazole + trifloxystrobin","prot+trif","mixed modes of action","mma","4",4,"Fishers LSD (p</=0.1",NA,NA,NA,NA,2.7,1,4.9,1,NA,NA,NA,NA,3.8,0.6,4,0.6,NA,NA,NA,NA,48.2,4.6,43.2,4.6,12.5,0.6,11.7,0.6,"MIXED","complete","PROT + TRIF","triaz + strob","unknown","Scale 0-8",12.5,11.7,4,4,24,1,NA,"MIXED","triaz + strob","low",NA,0.066139802504545,0.00342628387756593
"22",179,"Delaney ref 32",32,2013,"AL","GCREC","Malbis fine sandy loam","r5",1,"FORTIX","fluxastrobin + flutriafol","flux+flut","mixed modes of action","mma","5",4,"Fishers LSD (p</=0.1",NA,NA,NA,NA,1.8,0.9,2.4,0.9,NA,NA,NA,NA,NA,NA,NA,NA,NA,NA,NA,NA,65.2,2.3,64.3,2.3,15.2,1.2,15.2,1.2,"MIXED","complete","FLUT + FLUX","triaz + strob","5","Scale 0-8",15.2,15.2,4,4,7,1,NA,"MIXED","triaz + strob","low",NA,0,0.00216412742382271
"23",180,"Delaney ref 32",32,2013,"AL","GCREC","Malbis fine sandy loam","r3",1,"FORTIX","fluxastrobin + flutriafol","flux+flut","mixed modes of action","mma","5",4,"Fishers LSD (p</=0.1",NA,NA,NA,NA,1.4,0.9,2.4,0.9,NA,NA,NA,NA,NA,NA,NA,NA,NA,NA,NA,NA,65.5,2.3,64.3,2.3,15.8,1.2,15.2,1.2,"MIXED","complete","FLUT + FLUX","triaz + strob","3","Scale 0-8",15.8,15.2,4,4,7,1,"3","MIXED","triaz + strob","low",NA,0.0387145121806904,0.00208350578850165
"24",181,"Delaney ref 32",32,2013,"AL","GCREC","Malbis fine sandy loam","r3",1,"FORTIX","fluxastrobin + flutriafol","flux+flut","mixed modes of action","mma","5",4,"Fishers LSD (p</=0.1",NA,NA,NA,NA,1.7,0.9,2.4,0.9,NA,NA,NA,NA,NA,NA,NA,NA,NA,NA,NA,NA,66.4,2.3,64.3,2.3,15.7,1.2,15.2,1.2,"MIXED","complete","FLUT + FLUX","triaz + strob","3","Scale 0-8",15.7,15.2,4,4,7,1,"3","MIXED","triaz + strob","low",NA,0.0323652845020317,0.00209630364050887
"25",182,"Delaney ref 32",32,2013,"AL","GCREC","Malbis fine sandy loam","r5",1,"FORTIX","fluxastrobin + flutriafol","flux+flut","mixed modes of action","mma","5",4,"Fishers LSD (p</=0.1",NA,NA,NA,NA,1.7,0.9,2.4,0.9,NA,NA,NA,NA,NA,NA,NA,NA,NA,NA,NA,NA,63.3,2.3,64.3,2.3,15.6,1.2,15.2,1.2,"MIXED","complete","FLUT + FLUX","triaz + strob","5","Scale 0-8",15.6,15.2,4,4,7,1,NA,"MIXED","triaz + strob","low",NA,0.0259754864032607,0.00210934839304219
"30",187,"Delaney ref 34",34,2013,"AL","GCREC","Malbis fine sandy loam","r3",1,"Topguard","flutrifol","flut","triazole","triazole","7",4,"Fishers LSD (p</=0.1",NA,NA,NA,NA,1.4,1,2.6,1,NA,NA,NA,NA,NA,NA,NA,NA,NA,NA,NA,NA,70.1,3.5,68.9,3.5,17.7,0.8,16.3,0.8,"FLUT","single",NA,"triazole","3","Scale 0-8",17.7,16.3,4,4,8,1,"3","FLUT","triazole","low",NA,0.0823995317670668,0.00173892891524939
"31",188,"Delaney ref 34",34,2013,"AL","GCREC","Malbis fine sandy loam","r5",1,"Topguard","flutrifol","flut","triazole","triazole","7",4,"Fishers LSD (p</=0.1",NA,NA,NA,NA,2.1,1,2.6,1,NA,NA,NA,NA,NA,NA,NA,NA,NA,NA,NA,NA,68.4,3.5,68.9,3.5,17.3,0.8,16.3,0.8,"FLUT","single",NA,"triazole","5","Scale 0-8",17.3,16.3,4,4,8,1,NA,"FLUT","triazole","low",NA,0.0595413936910167,0.00177625644973531
"32",189,"Delaney ref 34",34,2013,"AL","GCREC","Malbis fine sandy loam","r3",1,"Domark","tetraconazole","TETR","triazole","triazole","5",4,"Fishers LSD (p</=0.1",NA,NA,NA,NA,1.2,1,2.6,1,NA,NA,NA,NA,NA,NA,NA,NA,NA,NA,NA,NA,70.8,3.5,68.9,3.5,17,0.8,16.3,0.8,"TETR","single",NA,"triazole","3","Scale 0-8",17,16.3,4,4,8,1,"3",NA,"triazole","low",NA,0.0420482362434994,0.00180599811862851
"33",190,"Delaney ref 34",34,2013,"AL","GCREC","Malbis fine sandy loam","r5",1,"Domark","tetraconazole","TETR","triazole","triazole","7",4,"Fishers LSD (p</=0.1",NA,NA,NA,NA,2.3,1,2.6,1,NA,NA,NA,NA,NA,NA,NA,NA,NA,NA,NA,NA,69.7,3.5,68.9,3.5,16.8,0.8,16.3,0.8,"TETR","single",NA,"triazole","5","Scale 0-8",16.8,16.3,4,4,8,1,NA,NA,"triazole","low",NA,0.0302137785964966,0.00182671719057101
"34",191,"Delaney ref 34",34,2013,"AL","GCREC","Malbis fine sandy loam","r3",1,"Folicur/tebuconazole","tebuconazole","tebu","triazole","triazole","4",4,"Fishers LSD (p</=0.1",NA,NA,NA,NA,1.4,1,2.6,1,NA,NA,NA,NA,NA,NA,NA,NA,NA,NA,NA,NA,70.5,3.5,68.9,3.5,17.5,0.8,16.3,0.8,"TEBU","single",NA,"triazole","3","Scale 0-8",17.5,16.3,4,4,8,1,"3","TEBU","triazole","low",NA,0.0710357731167517,0.00175727274612657
"35",192,"Delaney ref 34",34,2013,"AL","GCREC","Malbis fine sandy loam","r5",1,"Folicur/tebuconazole","tebuconazole","tebu","triazole","triazole","4",4,"Fishers LSD (p</=0.1",NA,NA,NA,NA,1.6,1,2.6,1,NA,NA,NA,NA,NA,NA,NA,NA,NA,NA,NA,NA,69.5,3.5,68.9,3.5,17.1,0.8,16.3,0.8,"TEBU","single",NA,"triazole","5","Scale 0-8",17.1,16.3,4,4,8,1,NA,"TEBU","triazole","low",NA,0.0479133556958974,0.00179591013603688
"36",193,"Delaney ref 34",34,2013,"AL","GCREC","Malbis fine sandy loam","r3",1,"Quadris","azoxystrobin","azo","strobilurin","strobilurin","6",4,"Fishers LSD (p</=0.1",NA,NA,NA,NA,1.8,1,2.6,1,NA,NA,NA,NA,NA,NA,NA,NA,NA,NA,NA,NA,67.1,3.5,68.9,3.5,16.6,0.8,16.3,0.8,"AZO","single",NA,"strobilurin","3","Scale 0-8",16.6,16.3,4,4,8,1,"3",NA,"strobilurin","low",NA,0.018237587549781,0.00184818964707188
"37",194,"Delaney ref 34",34,2013,"AL","GCREC","Malbis fine sandy loam","r3",1,"Quilt Xcel","propiconizole + azoxystrobin","prop+azo","mixed modes of action","mma","14",4,"Fishers LSD (p</=0.1",NA,NA,NA,NA,2.1,1,2.6,1,NA,NA,NA,NA,NA,NA,NA,NA,NA,NA,NA,NA,69.2,3.5,68.9,3.5,16.8,0.8,16.3,0.8,"MIXED","complete","AZO + PROP","triaz + strob","3","Scale 0-8",16.8,16.3,4,4,8,1,"3","MIXED","triaz + strob","low",NA,0.0302137785964966,0.00182671719057101
"38",195,"Delaney ref 34",34,2013,"AL","GCREC","Malbis fine sandy loam","r3",1,"Quadris Top SB","azoxystrobin + difenoconazole","azo+dife","mixed modes of action","mma","12",4,"Fishers LSD (p</=0.1",NA,NA,NA,NA,2.6,1,2.6,1,NA,NA,NA,NA,NA,NA,NA,NA,NA,NA,NA,NA,69.7,3.5,68.9,3.5,16.4,0.8,16.3,0.8,"MIXED","complete","AZO + DIF","triaz + strob","3","Scale 0-8",16.4,16.3,4,4,8,1,"3","MIXED","triaz + strob","low",NA,0.00611622701743605,0.0018704524617963
"39",196,"Delaney ref 34",34,2013,"AL","GCREC","Malbis fine sandy loam","r3",1,"Stratego YLD","prothioconizole + trifloxystrobin","prot+trif","mixed modes of action","mma","4",4,"Fishers LSD (p</=0.1",NA,NA,NA,NA,2.6,1,2.6,1,NA,NA,NA,NA,NA,NA,NA,NA,NA,NA,NA,NA,69.2,3.5,68.9,3.5,16.1,0.8,16.3,0.8,"MIXED","complete","PROT + TRIF","triaz + strob","3","Scale 0-8",16.1,16.3,4,4,8,1,"3","MIXED","triaz + strob","low",NA,-0.0123458358222993,0.00190541517890308
"40",197,"Delaney ref 34",34,2013,"AL","GCREC","Malbis fine sandy loam","r3",1,"Priaxor","fluxapyroxad + pyraclastrobin","flux+pyra","mixed modes of action","mma","4",4,"Fishers LSD (p</=0.1",NA,NA,NA,NA,3,1,2.6,1,NA,NA,NA,NA,NA,NA,NA,NA,NA,NA,NA,NA,69.1,3.5,68.9,3.5,16.5,0.8,16.3,0.8,"MIXED","complete","FLUX + PYR","strobilurin","3","Scale 0-8",16.5,16.3,4,4,8,1,"3","MIXED","strobilurin","low",NA,0.0121952730938182,0.00185921986106069
"41",198,"Delaney ref 34",34,2013,"AL","GCREC","Malbis fine sandy loam","r3",1,"Priaxor","fluxapyroxad + pyraclastrobin","flux+pyra","mixed modes of action","mma","6",4,"Fishers LSD (p</=0.1",NA,NA,NA,NA,2.1,1,2.6,1,NA,NA,NA,NA,NA,NA,NA,NA,NA,NA,NA,NA,68.5,3.5,68.9,3.5,16.6,0.8,16.3,0.8,"MIXED","complete","FLUX + PYR","strobilurin","3","Scale 0-8",16.6,16.3,4,4,8,1,"3","MIXED","strobilurin","low",NA,0.018237587549781,0.00184818964707188
"42",212,"Mueller ref 36",36,2006,"FL","NFREC","fine-loamy, thermic Plinthic Kandiudult","r1",1,"Headline","pyraclostrobin","pyra","strobilurin","strobilurin","9.2",4,"Fishers LSD (p</=0.1",68.8,20.2,81.3,20.2,NA,NA,NA,NA,NA,NA,NA,NA,NA,NA,NA,NA,NA,NA,NA,NA,48,5.1,42.2,5.1,12.757275,0.850485,11.623295,0.850485,"PYR","single",NA,"strobilurin","1","Percent",12.757275,11.623295,4,4,81.3,1,NA,NA,"strobilurin","high",2006,0.0930904230660118,0.00338658418061035
"43",213,"Mueller ref 36",36,2006,"FL","NFREC","fine-loamy, thermic Plinthic Kandiudult","r3",1,"Headline","pyraclostrobin","pyra","strobilurin","strobilurin","9.2",4,"Fishers LSD (p</=0.1",38.8,20.2,81.3,20.2,NA,NA,NA,NA,NA,NA,NA,NA,NA,NA,NA,NA,NA,NA,NA,NA,54.6,5.1,42.2,5.1,14.17475,0.850485,11.623295,0.850485,"PYR","single",NA,"strobilurin","3","Percent",14.17475,11.623295,4,4,81.3,1,"3",NA,"strobilurin","high",2006,0.198450938723838,0.00309472203235208
"44",214,"Mueller ref 36",36,2006,"FL","NFREC","fine-loamy, thermic Plinthic Kandiudult","r5",1,"Headline","pyraclostrobin","pyra","strobilurin","strobilurin","9.2",4,"Fishers LSD (p</=0.1",27.5,20.2,81.3,20.2,NA,NA,NA,NA,NA,NA,NA,NA,NA,NA,NA,NA,NA,NA,NA,NA,54.9,5.1,42.2,5.1,14.17475,0.850485,11.623295,0.850485,"PYR","single",NA,"strobilurin","5","Percent",14.17475,11.623295,4,4,81.3,1,NA,NA,"strobilurin","high",2006,0.198450938723838,0.00309472203235208
"45",215,"Mueller ref 36",36,2006,"FL","NFREC","fine-loamy, thermic Plinthic Kandiudult","r1",1,"Folicur","tebuconazole","TEBU","triazole","triazole","3.6",4,"Fishers LSD (p</=0.1",75,20.2,81.3,20.2,NA,NA,NA,NA,NA,NA,NA,NA,NA,NA,NA,NA,NA,NA,NA,NA,49.3,5.1,42.2,5.1,13.04077,0.850485,11.623295,0.850485,"TEBU","single",NA,"triazole","1","Percent",13.04077,11.623295,4,4,81.3,1,NA,"TEBU","triazole","high",2006,0.115069329784787,0.00332052245667367
"46",216,"Mueller ref 36",36,2006,"FL","NFREC","fine-loamy, thermic Plinthic Kandiudult","r3",1,"Folicur","tebuconazole","TEBU","triazole","triazole","3.6",4,"Fishers LSD (p</=0.1",50,20.2,81.3,20.2,NA,NA,NA,NA,NA,NA,NA,NA,NA,NA,NA,NA,NA,NA,NA,NA,57.3,5.1,42.2,5.1,14.458245,0.850485,11.623295,0.850485,"TEBU","single",NA,"triazole","3","Percent",14.458245,11.623295,4,4,81.3,1,"3","TEBU","triazole","high",2006,0.218253566020018,0.00304640611671435
"47",217,"Mueller ref 36",36,2006,"FL","NFREC","fine-loamy, thermic Plinthic Kandiudult","r5",1,"Folicur","tebuconazole","TEBU","triazole","triazole","3.6",4,"Fishers LSD (p</=0.1",27.5,20.2,81.3,20.2,NA,NA,NA,NA,NA,NA,NA,NA,NA,NA,NA,NA,NA,NA,NA,NA,60.1,5.1,42.2,5.1,15.592225,0.850485,11.623295,0.850485,"TEBU","single",NA,"triazole","5","Percent",15.592225,11.623295,4,4,81.3,1,NA,"TEBU","triazole","high",2006,0.293761118528163,0.00287877705010445
"48",218,"Mueller ref 36",36,2006,"FL","NFREC","fine-loamy, thermic Plinthic Kandiudult","r1 + r3",2,"Folicur","tebuconazole","TEBU","triazole","triazole","3.6",4,"Fishers LSD (p</=0.1",43.8,20.2,81.3,20.2,NA,NA,NA,NA,NA,NA,NA,NA,NA,NA,NA,NA,NA,NA,NA,NA,56.6,5.1,42.2,5.1,14.458245,0.850485,11.623295,0.850485,"TEBU","single",NA,"triazole","1+","Percent",14.458245,11.623295,4,4,81.3,2,NA,"TEBU","triazole","high",2006,0.218253566020018,0.00304640611671435
"49",219,"Mueller ref 36",36,2006,"FL","NFREC","fine-loamy, thermic Plinthic Kandiudult","r3 + r5 ",2,"Folicur","tebuconazole","TEBU","triazole","triazole","3.6",4,"Fishers LSD (p</=0.1",17.5,20.2,81.3,20.2,NA,NA,NA,NA,NA,NA,NA,NA,NA,NA,NA,NA,NA,NA,NA,NA,62.7,5.1,42.2,5.1,16.159215,0.850485,11.623295,0.850485,"TEBU","single",NA,"triazole","3","Percent",16.159215,11.623295,4,4,81.3,2,"3","TEBU","triazole","high",2006,0.329479201130242,0.00280788098534684
"50",220,"Mueller ref 36",36,2006,"FL","NFREC","fine-loamy, thermic Plinthic Kandiudult","r1 + r3 + r5",3,"Folicur","tebuconazole","TEBU","triazole","triazole","3.6",4,"Fishers LSD (p</=0.1",13.5,20.2,81.3,20.2,NA,NA,NA,NA,NA,NA,NA,NA,NA,NA,NA,NA,NA,NA,NA,NA,65,5.1,42.2,5.1,16.44271,0.850485,11.623295,0.850485,"TEBU","single",NA,"triazole","1+","Percent",16.44271,11.623295,4,4,81.3,NA,NA,"TEBU","triazole","high",2006,0.346870943842112,0.00277515133669361
"51",221,"Mueller ref 36",36,2006,"FL","NFREC","fine-loamy, thermic Plinthic Kandiudult","r1",1,"Quilt","propiconizole + azoxystrobin","prop+azo","mixed modes of action","mma","14",4,"Fishers LSD (p</=0.1",87.5,20.2,81.3,20.2,NA,NA,NA,NA,NA,NA,NA,NA,NA,NA,NA,NA,NA,NA,NA,NA,45.4,5.1,42.2,5.1,11.90679,0.850485,11.623295,0.850485,"MIXED","complete","AZO + PROP","triaz + strob","1","Percent",11.90679,11.623295,4,4,81.3,1,NA,"MIXED","triaz + strob","high",2006,0.0240975515790605,0.00361386673430234
"52",222,"Mueller ref 36",36,2006,"FL","NFREC","fine-loamy, thermic Plinthic Kandiudult","r3",1,"Quilt","propiconizole + azoxystrobin","prop+azo","mixed modes of action","mma","14",4,"Fishers LSD (p</=0.1",81.3,20.2,81.3,20.2,NA,NA,NA,NA,NA,NA,NA,NA,NA,NA,NA,NA,NA,NA,NA,NA,46.4,5.1,42.2,5.1,12.190285,0.850485,11.623295,0.850485,"MIXED","complete","AZO + PROP","triaz + strob","3","Percent",12.190285,11.623295,4,4,81.3,1,"3","MIXED","triaz + strob","high",2006,0.0476280489892544,0.0035328018746511
"53",223,"Mueller ref 36",36,2006,"FL","NFREC","fine-loamy, thermic Plinthic Kandiudult","r5",1,"Quilt","propiconizole + azoxystrobin","prop+azo","mixed modes of action","mma","14",4,"Fishers LSD (p</=0.1",68.8,20.2,81.3,20.2,NA,NA,NA,NA,NA,NA,NA,NA,NA,NA,NA,NA,NA,NA,NA,NA,50,5.1,42.2,5.1,13.324265,0.850485,11.623295,0.850485,"MIXED","complete","AZO + PROP","triaz + strob","5","Percent",13.324265,11.623295,4,4,81.3,1,NA,"MIXED","triaz + strob","high",2006,0.136575535005751,0.00325863241563091
"54",224,"Mueller ref 36",36,2006,"FL","NFREC","fine-loamy, thermic Plinthic Kandiudult","r1 + r3",2,"Quilt","propiconizole + azoxystrobin","prop+azo","mixed modes of action","mma","14",4,"Fishers LSD (p</=0.1",62.5,20.2,81.3,20.2,NA,NA,NA,NA,NA,NA,NA,NA,NA,NA,NA,NA,NA,NA,NA,NA,48,5.1,42.2,5.1,13.324265,0.850485,11.623295,0.850485,"MIXED","complete","AZO + PROP","triaz + strob","1+","Percent",13.324265,11.623295,4,4,81.3,2,NA,"MIXED","triaz + strob","high",2006,0.136575535005751,0.00325863241563091
"55",225,"Mueller ref 36",36,2006,"FL","NFREC","fine-loamy, thermic Plinthic Kandiudult","r3 + r5 ",2,"Quilt","propiconizole + azoxystrobin","prop+azo","mixed modes of action","mma","14",4,"Fishers LSD (p</=0.1",56.3,20.2,81.3,20.2,NA,NA,NA,NA,NA,NA,NA,NA,NA,NA,NA,NA,NA,NA,NA,NA,52.8,5.1,42.2,5.1,13.891255,0.850485,11.623295,0.850485,"MIXED","complete","AZO + PROP","triaz + strob","3","Percent",13.891255,11.623295,4,4,81.3,2,"3","MIXED","triaz + strob","high",2006,0.178248231406319,0.00314602615052396
"56",226,"Mueller ref 36",36,2006,"FL","NFREC","fine-loamy, thermic Plinthic Kandiudult","r1",1,"Folicur + Headline","pyraclostrobin + pyraclostrobin","tebu + pyra","mixed modes of action","mma","3+6",4,"Fishers LSD (p</=0.1",68.8,20.2,81.3,20.2,NA,NA,NA,NA,NA,NA,NA,NA,NA,NA,NA,NA,NA,NA,NA,NA,45.6,5.1,42.2,5.1,12.757275,0.850485,11.623295,0.850485,"MIXED","complete","PYR + TEBU","triaz + strob","1","Percent",12.757275,11.623295,4,4,81.3,1,NA,"MIXED","triaz + strob","high",2006,0.0930904230660118,0.00338658418061035
"57",227,"Mueller ref 36",36,2006,"FL","NFREC","fine-loamy, thermic Plinthic Kandiudult","r3",1,"Folicur + Headline","pyraclostrobin + pyraclostrobin","tebu + pyra","mixed modes of action","mma","3+6",4,"Fishers LSD (p</=0.1",45,20.2,81.3,20.2,NA,NA,NA,NA,NA,NA,NA,NA,NA,NA,NA,NA,NA,NA,NA,NA,57.8,5.1,42.2,5.1,15.025235,0.850485,11.623295,0.850485,"MIXED","complete","PYR + TEBU","triaz + strob","3","Percent",15.025235,11.623295,4,4,81.3,1,"3","MIXED","triaz + strob","high",2006,0.256719846847814,0.00295784961645663
"58",228,"Mueller ref 36",36,2006,"FL","NFREC","fine-loamy, thermic Plinthic Kandiudult","r5",1,"Folicur + Headline","pyraclostrobin + pyraclostrobin","tebu + pyra","mixed modes of action","mma","3+6",4,"Fishers LSD (p</=0.1",27.5,20.2,81.3,20.2,NA,NA,NA,NA,NA,NA,NA,NA,NA,NA,NA,NA,NA,NA,NA,NA,62,5.1,42.2,5.1,16.159215,0.850485,11.623295,0.850485,"MIXED","complete","PYR + TEBU","triaz + strob","5","Percent",16.159215,11.623295,4,4,81.3,1,NA,"MIXED","triaz + strob","high",2006,0.329479201130242,0.00280788098534684
"59",229,"Mueller ref 36",36,2006,"FL","NFREC","fine-loamy, thermic Plinthic Kandiudult","r1 + r3",2,"Folicur + Headline","pyraclostrobin + pyraclostrobin","tebu + pyra","mixed modes of action","mma","3+6",4,"Fishers LSD (p</=0.1",27.5,20.2,81.3,20.2,NA,NA,NA,NA,NA,NA,NA,NA,NA,NA,NA,NA,NA,NA,NA,NA,60.5,5.1,42.2,5.1,15.592225,0.850485,11.623295,0.850485,"MIXED","complete","PYR + TEBU","triaz + strob","1+","Percent",15.592225,11.623295,4,4,81.3,2,NA,"MIXED","triaz + strob","high",2006,0.293761118528163,0.00287877705010445
"60",230,"Mueller ref 36",36,2006,"FL","NFREC","fine-loamy, thermic Plinthic Kandiudult","r3  + r5 ",2,"Folicur + Headline","pyraclostrobin + pyraclostrobin","tebu + pyra","mixed modes of action","mma","3+6",4,"Fishers LSD (p</=0.1",16.5,20.2,81.3,20.2,NA,NA,NA,NA,NA,NA,NA,NA,NA,NA,NA,NA,NA,NA,NA,NA,62.7,5.1,42.2,5.1,16.44271,0.850485,11.623295,0.850485,"MIXED","complete","PYR + TEBU","triaz + strob","3","Percent",16.44271,11.623295,4,4,81.3,2,"3","MIXED","triaz + strob","high",2006,0.346870943842112,0.00277515133669361
"61",231,"Mueller ref 36",36,2006,"FL","NFREC","fine-loamy, thermic Plinthic Kandiudult","r1 r3",2,"Headline fb Folicur","pyraclostrobin + pyraclostrobin","pyra fb prya","mixed modes of action","mma","9.2 + 4",4,"Fishers LSD (p</=0.1",38.8,20.2,81.3,20.2,NA,NA,NA,NA,NA,NA,NA,NA,NA,NA,NA,NA,NA,NA,NA,NA,58.7,5.1,42.2,5.1,15.025235,0.850485,11.623295,0.850485,"PYR","single",NA,"strobilurin","1+","Percent",15.025235,11.623295,4,4,81.3,2,NA,NA,"strobilurin","high",2006,0.256719846847814,0.00295784961645663
"62",232,"Mueller ref 36",36,2006,"FL","NFREC","fine-loamy, thermic Plinthic Kandiudult","r3, r5",2,"Headline fb Folicur","pyraclostrobin + pyraclostrobin","pyra fb prya","mixed modes of action","mma","9.2 + 4",4,"Fishers LSD (p</=0.1",17.5,20.2,81.3,20.2,NA,NA,NA,NA,NA,NA,NA,NA,NA,NA,NA,NA,NA,NA,NA,NA,63.3,5.1,42.2,5.1,16.159215,0.850485,11.623295,0.850485,"PYR","single",NA,"strobilurin","3","Percent",16.159215,11.623295,4,4,81.3,2,"3",NA,"strobilurin","high",2006,0.329479201130242,0.00280788098534684
"63",233,"Mueller ref 36",36,2006,"FL","NFREC","fine-loamy, thermic Plinthic Kandiudult","r1, r3",2,"Folicur  fb Headline","pyraclostrobin + pyraclostrobin","pyra fb prya","mixed modes of action","mma","4 + 9.2",4,"Fishers LSD (p</=0.1",32.5,20.2,81.3,20.2,NA,NA,NA,NA,NA,NA,NA,NA,NA,NA,NA,NA,NA,NA,NA,NA,57.8,5.1,42.2,5.1,15.30873,0.850485,11.623295,0.850485,"PYR","single",NA,"strobilurin","1+","Percent",15.30873,11.623295,4,4,81.3,2,NA,NA,"strobilurin","high",2006,0.275411979859967,0.00291721522873302
"64",234,"Mueller ref 36",36,2006,"FL","NFREC","fine-loamy, thermic Plinthic Kandiudult","r3, r5 ",2,"Folicur fb Headline","pyraclostrobin + pyraclostrobin","tebu fb pyra","mixed modes of action","mma","4 + 9.2",4,"Fishers LSD (p</=0.1",22.5,20.2,81.3,20.2,NA,NA,NA,NA,NA,NA,NA,NA,NA,NA,NA,NA,NA,NA,NA,NA,60,5.1,42.2,5.1,16.44271,0.850485,11.623295,0.850485,"DUAL","complete","TEBU fb PYR","series triaz fb strob","3","Percent",16.44271,11.623295,4,4,81.3,2,"3",NA,NA,"high",2006,0.346870943842112,0.00277515133669361
"65",235,"Mueller ref 37",37,2006,"FL","NFREC","fine-loamy, thermic Plinthic Kandiudult","r2 + r4",2,"Topguard","flutrifol","flut","triazole","triazole","7",4,"Fishers LSD (p</=0.1",4.1,12.9,82.5,12.9,NA,NA,NA,NA,NA,NA,NA,NA,NA,NA,NA,NA,NA,NA,NA,NA,28.1,2.8,25.5,2.8,17.860185,0.850485,15.592225,0.850485,"FLUT","single",NA,"triazole","2+","Percent",17.860185,15.592225,4,4,82.5,2,NA,"FLUT","triazole","high",2006,0.135801541159062,0.00181204238303994
"66",236,"Mueller ref 37",37,2006,"FL","NFREC","fine-loamy, thermic Plinthic Kandiudult","r2 + r4",2,"Folicur","tebuconazole","TEBU","triazole","triazole","3.6",4,"Fishers LSD (p</=0.1",2.8,12.9,82.5,12.9,NA,NA,NA,NA,NA,NA,NA,NA,NA,NA,NA,NA,NA,NA,NA,NA,28.1,2.8,25.5,2.8,17.57669,0.850485,15.592225,0.850485,"TEBU","single",NA,"triazole","2+","Percent",17.57669,15.592225,4,4,82.5,2,NA,"TEBU","triazole","high",2006,0.119801199812621,0.00183752797564418
"67",237,"Mueller ref 37",37,2006,"FL","NFREC","fine-loamy, thermic Plinthic Kandiudult","r2 + r4",2,"Domark","flutrifol","TETR","triazole","triazole","4",4,"Fishers LSD (p</=0.1",4.1,12.9,82.5,12.9,NA,NA,NA,NA,NA,NA,NA,NA,NA,NA,NA,NA,NA,NA,NA,NA,31,2.8,25.5,2.8,17.293195,0.850485,15.592225,0.850485,"TETR","single",NA,"triazole","2+","Percent",17.293195,15.592225,4,4,82.5,2,NA,NA,"triazole","high",2006,0.10354067894084,0.00186427720433901
"68",238,"Mueller ref 37",37,2006,"FL","NFREC","fine-loamy, thermic Plinthic Kandiudult","r2 + r4",2,"Headline","pyraclostrobin","pyra","strobilurin","strobilurin","7.8",4,"Fishers LSD (p</=0.1",1.4,12.9,82.5,12.9,NA,NA,NA,NA,NA,NA,NA,NA,NA,NA,NA,NA,NA,NA,NA,NA,25.8,2.8,25.5,2.8,17.57669,0.850485,15.592225,0.850485,"PYR","single",NA,"strobilurin","2+","Percent",17.57669,15.592225,4,4,82.5,2,NA,NA,"strobilurin","high",2006,0.119801199812621,0.00183752797564418
"69",239,"Mueller ref 37",37,2006,"FL","NFREC","fine-loamy, thermic Plinthic Kandiudult","r2 + r4",2,"Quilt + Folicur","propiconizole + azoxystrobin + tebuconazole","prop+azo+tebu","mixed modes of action","mma","14 + 4",4,"Fishers LSD (p</=0.1",7.1,12.9,82.5,12.9,NA,NA,NA,NA,NA,NA,NA,NA,NA,NA,NA,NA,NA,NA,NA,NA,30.1,2.8,25.5,2.8,17.57669,0.850485,15.592225,0.850485,"MIXED","complete","AZO + PROP + TEBU","triaz + strob","2+","Percent",17.57669,15.592225,4,4,82.5,2,NA,"MIXED","triaz + strob","high",2006,0.119801199812621,0.00183752797564418
"70",240,"Mueller ref 37",37,2006,"FL","NFREC","fine-loamy, thermic Plinthic Kandiudult","r2 + r4",2,"Laredo","myclobutanil","MYC","triazole","triazole","7",4,"Fishers LSD (p</=0.1",5.5,12.9,82.5,12.9,NA,NA,NA,NA,NA,NA,NA,NA,NA,NA,NA,NA,NA,NA,NA,NA,30.8,2.8,25.5,2.8,17.860185,0.850485,15.592225,0.850485,"MYC","single",NA,"triazole","2+","Percent",17.860185,15.592225,4,4,82.5,2,NA,NA,"triazole","high",2006,0.135801541159062,0.00181204238303994
"71",241,"Mueller ref 37",37,2006,"FL","NFREC","fine-loamy, thermic Plinthic Kandiudult","r2 + r4",2,"Quadris + Domark","azoxystrobin","azo","triazole","triazole","6.2 + 4",4,"Fishers LSD (p</=0.1",14.5,12.9,82.5,12.9,NA,NA,NA,NA,NA,NA,NA,NA,NA,NA,NA,NA,NA,NA,NA,NA,29,2.8,25.5,2.8,17.0097,0.850485,15.592225,0.850485,"AZO","single",NA,"strobilurin","2+","Percent",17.0097,15.592225,4,4,82.5,2,NA,NA,"strobilurin","high",2006,0.0870113769896297,0.0018923750097759
"72",242,"Mueller ref 37",37,2006,"FL","NFREC","fine-loamy, thermic Plinthic Kandiudult","r2 + r4",2,"Quadris + Topguard","azoxystrobin + flutrifol","azo+flut","mixed modes of action","mma","6.2 + 7",4,"Fishers LSD (p</=0.1",17.5,12.9,82.5,12.9,NA,NA,NA,NA,NA,NA,NA,NA,NA,NA,NA,NA,NA,NA,NA,NA,31.4,2.8,25.5,2.8,17.57669,0.850485,15.592225,0.850485,"MIXED","complete","AZO + FLUT","triaz + strob","2+","Percent",17.57669,15.592225,4,4,82.5,2,NA,"MIXED","triaz + strob","high",2006,0.119801199812621,0.00183752797564418
"73",243,"Mueller ref 37",37,2006,"FL","NFREC","fine-loamy, thermic Plinthic Kandiudult","r2 + r4",2,"Stratego","propiconizole + trifloxystrobin","prop + trif","mixed modes of action","mma","10",4,"Fishers LSD (p</=0.1",22.5,12.9,82.5,12.9,NA,NA,NA,NA,NA,NA,NA,NA,NA,NA,NA,NA,NA,NA,NA,NA,30.7,2.8,25.5,2.8,17.293195,0.850485,15.592225,0.850485,"MIXED","complete","PROP + TRIF","triaz + strob","2+","Percent",17.293195,15.592225,4,4,82.5,2,NA,"MIXED","triaz + strob","high",2006,0.10354067894084,0.00186427720433901
"74",244,"Mueller ref 37",37,2006,"FL","NFREC","fine-loamy, thermic Plinthic Kandiudult","r2 + r4",2,"Headline + Folicur","pyraclostrobin + tebuconizole","pyra+tebu","mixed modes of action","mma","6.2 + 4",4,"Fishers LSD (p</=0.1",17.5,12.9,82.5,12.9,NA,NA,NA,NA,NA,NA,NA,NA,NA,NA,NA,NA,NA,NA,NA,NA,30.3,2.8,25.5,2.8,17.57669,0.850485,15.592225,0.850485,"MIXED","complete","PYR + TEBU","triaz + strob","2+","Percent",17.57669,15.592225,4,4,82.5,2,NA,"MIXED","triaz + strob","high",2006,0.119801199812621,0.00183752797564418
"75",245,"Mueller ref 37",37,2006,"FL","NFREC","fine-loamy, thermic Plinthic Kandiudult","r2 + r4",2,"Echo + Folicur","chlorothalonil + tebuconizole","chl+tebu","mixed modes of action","mma","32 + 4",4,"Fishers LSD (p</=0.1",24.5,12.9,82.5,12.9,NA,NA,NA,NA,NA,NA,NA,NA,NA,NA,NA,NA,NA,NA,NA,NA,29.5,2.8,25.5,2.8,17.860185,0.850485,15.592225,0.850485,"MIXED","complete","CHL + TEBU","chlor + triaz","2+","Percent",17.860185,15.592225,4,4,82.5,2,NA,"MIXED",NA,"high",2006,0.135801541159062,0.00181204238303994
"76",246,"Mueller ref 37",37,2006,"FL","NFREC","fine-loamy, thermic Plinthic Kandiudult","r2 + r4",2,"Quadris + Folicur","azoxystrobin + tebuconizole","azo+tebu","mixed modes of action","mma","6.2 + 4",4,"Fishers LSD (p</=0.1",24.5,12.9,82.5,12.9,NA,NA,NA,NA,NA,NA,NA,NA,NA,NA,NA,NA,NA,NA,NA,NA,29.6,2.8,25.5,2.8,17.293195,0.850485,15.592225,0.850485,"MIXED","complete","AZO + TEBU","triaz + strob","2+","Percent",17.293195,15.592225,4,4,82.5,2,NA,"MIXED","triaz + strob","high",2006,0.10354067894084,0.00186427720433901
"77",247,"Mueller ref 37",37,2006,"FL","NFREC","fine-loamy, thermic Plinthic Kandiudult","r2 + r4",2,"Quadris + Laredo","azoxystrobin + myclobutanil","azo+myc","mixed modes of action","mma","6.2 + 7",4,"Fishers LSD (p</=0.1",22.5,12.9,82.5,12.9,NA,NA,NA,NA,NA,NA,NA,NA,NA,NA,NA,NA,NA,NA,NA,NA,28.8,2.8,25.5,2.8,17.57669,0.850485,15.592225,0.850485,"MIXED","complete","AZO + MYC","triaz + strob","2+","Percent",17.57669,15.592225,4,4,82.5,2,NA,"MIXED","triaz + strob","high",2006,0.119801199812621,0.00183752797564418
"78",248,"Mueller ref 37",37,2006,"FL","NFREC","fine-loamy, thermic Plinthic Kandiudult","r2 + r4",2,"Quadris + Headline","azoxystrobin + pyraclostrobin","azo+pyra","mixed modes of action","mma","6.2 + 7.8",4,"Fishers LSD (p</=0.1",32.5,12.9,82.5,12.9,NA,NA,NA,NA,NA,NA,NA,NA,NA,NA,NA,NA,NA,NA,NA,NA,31.2,2.8,25.5,2.8,17.293195,0.850485,15.592225,0.850485,"MIXED","complete","AZO + PYR","strobilurin","2+","Percent",17.293195,15.592225,4,4,82.5,2,NA,"MIXED","strobilurin","high",2006,0.10354067894084,0.00186427720433901
"79",249,"Mueller ref 37",37,2006,"FL","NFREC","fine-loamy, thermic Plinthic Kandiudult","r2 + r4",2,"Stratego + Folicur ","propiconizole + trifloxystrobin + tebuconizole","prop+trif+tebu","mixed modes of action","mma","10 + 4",4,"Fishers LSD (p</=0.1",24.5,12.9,82.5,12.9,NA,NA,NA,NA,NA,NA,NA,NA,NA,NA,NA,NA,NA,NA,NA,NA,29.8,2.8,25.5,2.8,17.57669,0.850485,15.592225,0.850485,"MIXED","complete","PROP + TEBU + TRIF","triaz + strob","2+","Percent",17.57669,15.592225,4,4,82.5,2,NA,"MIXED","triaz + strob","high",2006,0.119801199812621,0.00183752797564418
"80",250,"Mueller ref 38",38,2006,"FL","NFREC","fine-loamy, thermic Plinthic Kandiudult","r1 + 14",2,"Laredo + Headline","myclobutanil + pyraclostrobin","myc+pyra","mixed modes of action","mma","7 + 7",4,"Fishers LSD (p</=0.1",67.5,9.7,87.5,9.7,NA,NA,NA,NA,NA,NA,NA,NA,NA,NA,NA,NA,NA,NA,NA,NA,48.6,5.5,39,5.5,14.458245,0.850485,11.3398,0.850485,"MIXED","complete","MYC + PYR","triaz + strob","1+","Percent",14.458245,11.3398,4,4,87.5,2,NA,"MIXED","triaz + strob","high",2006,0.242946178610389,0.00314008603951262
"81",251,"Mueller ref 38",38,2006,"FL","NFREC","fine-loamy, thermic Plinthic Kandiudult","r1 + 14",2,"Laredo + Headline","myclobutanil + pyraclostrobin","myc+pyra","mixed modes of action","mma","5 + 6",4,"Fishers LSD (p</=0.1",52.5,9.7,87.5,9.7,NA,NA,NA,NA,NA,NA,NA,NA,NA,NA,NA,NA,NA,NA,NA,NA,52.2,5.5,39,5.5,14.74174,0.850485,11.3398,0.850485,"MIXED","complete","MYC + PYR","triaz + strob","1+","Percent",14.74174,11.3398,4,4,87.5,2,NA,"MIXED","triaz + strob","high",2006,0.262364264467491,0.00309453068962132
"82",252,"Mueller ref 38",38,2006,"FL","NFREC","fine-loamy, thermic Plinthic Kandiudult","r1 + 14",2,"Enable + Headline","fenbuconazole + pyraclostrobin","fenb+pyra","mixed modes of action","mma","7.1 + 7",4,"Fishers LSD (p</=0.1",67.5,9.7,87.5,9.7,NA,NA,NA,NA,NA,NA,NA,NA,NA,NA,NA,NA,NA,NA,NA,NA,53.6,5.5,39,5.5,14.17475,0.850485,11.3398,0.850485,"MIXED","complete","FEN + PYR","triaz + strob","1+","Percent",14.17475,11.3398,4,4,87.5,2,NA,"MIXED","triaz + strob","high",2006,0.22314355131421,0.00318840195515035
"83",253,"Mueller ref 38",38,2006,"FL","NFREC","fine-loamy, thermic Plinthic Kandiudult","r1 + 21",2,"Laredo + Headline","myclobutanil + pyraclostrobin","myc+pyra","mixed modes of action","mma","7 + 7",4,"Fishers LSD (p</=0.1",67.5,9.7,87.5,9.7,NA,NA,NA,NA,NA,NA,NA,NA,NA,NA,NA,NA,NA,NA,NA,NA,49.7,5.5,39,5.5,14.458245,0.850485,11.3398,0.850485,"MIXED","complete","MYC + PYR","triaz + strob","1+","Percent",14.458245,11.3398,4,4,87.5,2,NA,"MIXED","triaz + strob","high",2006,0.242946178610389,0.00314008603951262
"84",254,"Mueller ref 38",38,2006,"FL","NFREC","fine-loamy, thermic Plinthic Kandiudult","r1 + 21",2,"Laredo + Headline","myclobutanil + pyraclostrobin","myc+pyra","mixed modes of action","mma","5 + 6",4,"Fishers LSD (p</=0.1",67.5,9.7,87.5,9.7,NA,NA,NA,NA,NA,NA,NA,NA,NA,NA,NA,NA,NA,NA,NA,NA,52.3,5.5,39,5.5,14.458245,0.850485,11.3398,0.850485,"MIXED","complete","MYC + PYR","triaz + strob","1+","Percent",14.458245,11.3398,4,4,87.5,2,NA,"MIXED","triaz + strob","high",2006,0.242946178610389,0.00314008603951262
"85",255,"Mueller ref 38",38,2006,"FL","NFREC","fine-loamy, thermic Plinthic Kandiudult","r1 + 21",2,"Enable + Headline","fenbuconazole + pyraclostrobin","fenb+pyra","mixed modes of action","mma","7.1 + 7",4,"Fishers LSD (p</=0.1",67.5,9.7,87.5,9.7,NA,NA,NA,NA,NA,NA,NA,NA,NA,NA,NA,NA,NA,NA,NA,NA,52.6,5.5,39,5.5,14.74174,0.850485,11.3398,0.850485,"MIXED","complete","FEN + PYR","triaz + strob","1+","Percent",14.74174,11.3398,4,4,87.5,2,NA,"MIXED","triaz + strob","high",2006,0.262364264467491,0.00309453068962132
"86",256,"Mueller ref 39",39,2006,"FL","NFREC","fine-loamy, thermic Plinthic Kandiudult","r1 + r4",2,"Folicur","tebuconazole","TEBU","triazole","triazole","4",4,"Fishers LSD (p</=0.1",52.5,15.7,87.5,15.7,NA,NA,NA,NA,NA,NA,NA,NA,NA,NA,NA,NA,NA,NA,NA,NA,49.5,6.558,39.1,6.56,14.74174,0.850485,11.623295,0.850485,"TEBU","single",NA,"triazole","1+","Percent",14.74174,11.623295,4,4,87.5,2,NA,"TEBU","triazole","high",2006,0.23767165187712,0.00300085076682305
"87",257,"Mueller ref 39",39,2006,"FL","NFREC","fine-loamy, thermic Plinthic Kandiudult","r1 + r4",2,"Trisum","tebuconazole","tebu","triazole","triazole","4",4,"Fishers LSD (p</=0.1",60,15.7,87.5,15.7,NA,NA,NA,NA,NA,NA,NA,NA,NA,NA,NA,NA,NA,NA,NA,NA,50.8,6.558,39.1,6.56,14.74174,0.850485,11.623295,0.850485,"TEBU","single",NA,"triazole","1+","Percent",14.74174,11.623295,4,4,87.5,2,NA,"TEBU","triazole","high",2006,0.23767165187712,0.00300085076682305
"88",258,"Mueller ref 39",39,2006,"FL","NFREC","fine-loamy, thermic Plinthic Kandiudult","r1 + r4",2,"Microthiol Disperss","sulfer","sul","other","other","2",4,"Fishers LSD (p</=0.1",87.5,15.7,87.5,15.7,NA,NA,NA,NA,NA,NA,NA,NA,NA,NA,NA,NA,NA,NA,NA,NA,40.6,6.558,39.1,6.56,11.90679,0.850485,11.623295,0.850485,"SUL","single",NA,"inorganic","1+","Percent",11.90679,11.623295,4,4,87.5,2,NA,NA,NA,"high",2006,0.0240975515790605,0.00361386673430234
"89",259,"Mueller ref 39",39,2006,"FL","NFREC","fine-loamy, thermic Plinthic Kandiudult","r1 + r4",2,"Cuprofix Ultra","copper sulfate","cop","other","other","2",4,"Fishers LSD (p</=0.1",60,15.7,87.5,15.7,NA,NA,NA,NA,NA,NA,NA,NA,NA,NA,NA,NA,NA,NA,NA,NA,44.7,6.558,39.1,6.56,13.60776,0.850485,11.623295,0.850485,"COP","single",NA,"inorganic","1+","Percent",13.60776,11.623295,4,4,87.5,2,NA,NA,NA,"high",2006,0.157628944203583,0.00320057006473851
"90",260,"Mueller ref 39",39,2006,"FL","NFREC","fine-loamy, thermic Plinthic Kandiudult","r1 + r4",2,"Penncozeb","ethylenebisdithiocarbamate","eth","other","other","2",4,"Fishers LSD (p</=0.1",87.5,15.7,87.5,15.7,NA,NA,NA,NA,NA,NA,NA,NA,NA,NA,NA,NA,NA,NA,NA,NA,45.6,6.558,39.1,6.56,12.190285,0.850485,11.623295,0.850485,"other","single",NA,"other","1+","Percent",12.190285,11.623295,4,4,87.5,2,NA,NA,NA,"high",2006,0.0476280489892544,0.0035328018746511
"91",261,"Mueller ref 39",39,2006,"FL","NFREC","fine-loamy, thermic Plinthic Kandiudult","r1 + r4",2,"Topsin","thiophanate","thio","thiophanate","thiophanate","16",4,"Fishers LSD (p</=0.1",87.5,15.7,87.5,15.7,NA,NA,NA,NA,NA,NA,NA,NA,NA,NA,NA,NA,NA,NA,NA,NA,40.9,6.558,39.1,6.56,11.90679,0.850485,11.623295,0.850485,"THIO","single",NA,"thiophanate","1+","Percent",11.90679,11.623295,4,4,87.5,2,NA,NA,NA,"high",2006,0.0240975515790605,0.00361386673430234
"92",262,"Mueller ref 39",39,2006,"FL","NFREC","fine-loamy, thermic Plinthic Kandiudult","r1 + r4",2,"Trisum + Microthiol","tebuconazole + sulfer","tebu+sul","mixed modes of action","mma","4 + 2",4,"Fishers LSD (p</=0.1",47.5,15.7,87.5,15.7,NA,NA,NA,NA,NA,NA,NA,NA,NA,NA,NA,NA,NA,NA,NA,NA,49.6,6.558,39.1,6.56,14.458245,0.850485,11.623295,0.850485,"MIXED","complete","SUL + TEBU","inorg + triaz","1+","Percent",14.458245,11.623295,4,4,87.5,2,NA,"MIXED",NA,"high",2006,0.218253566020018,0.00304640611671435
"93",263,"Mueller ref 39",39,2006,"FL","NFREC","fine-loamy, thermic Plinthic Kandiudult","r1 + r4",2,"Trisum + Cuprofix Ultra","tebuconazole + coper sulfate","teb+cop","mixed modes of action","mma","4 + 2",4,"Fishers LSD (p</=0.1",37.5,15.7,87.5,15.7,NA,NA,NA,NA,NA,NA,NA,NA,NA,NA,NA,NA,NA,NA,NA,NA,47.8,6.558,39.1,6.56,15.025235,0.850485,11.623295,0.850485,"MIXED","complete","COPPER + TEBU","inorg + triaz","1+","Percent",15.025235,11.623295,4,4,87.5,2,NA,"MIXED",NA,"high",2006,0.256719846847814,0.00295784961645663
"94",264,"Mueller ref 39",39,2006,"FL","NFREC","fine-loamy, thermic Plinthic Kandiudult","r1 + r4",2,"Trisum + Penncozeb","tebuconizole + ethylenebisdithiocarbamate","teb+eth","mixed modes of action","mma","4 + 2",4,"Fishers LSD (p</=0.1",60,15.7,87.5,15.7,NA,NA,NA,NA,NA,NA,NA,NA,NA,NA,NA,NA,NA,NA,NA,NA,51.2,6.558,39.1,6.56,14.458245,0.850485,11.623295,0.850485,"MIXED","complete","ETH + TEBU","triaz + other","1+","Percent",14.458245,11.623295,4,4,87.5,2,NA,"MIXED",NA,"high",2006,0.218253566020018,0.00304640611671435
"95",265,"Mueller ref 39",39,2006,"FL","NFREC","fine-loamy, thermic Plinthic Kandiudult","r1 + r4",2,"Trisum + Topsin","tebuconizole + thiophanate","teb+thio","mixed modes of action","mma","4 + 16",4,"Fishers LSD (p</=0.1",45,15.7,87.5,15.7,NA,NA,NA,NA,NA,NA,NA,NA,NA,NA,NA,NA,NA,NA,NA,NA,55.1,6.558,39.1,6.56,14.74174,0.850485,11.623295,0.850485,"MIXED","complete","TEBU + THIO","triaz + thio","1+","Percent",14.74174,11.623295,4,4,87.5,2,NA,"MIXED",NA,"high",2006,0.23767165187712,0.00300085076682305
"96",266,"Mueller ref 39",39,2006,"FL","NFREC","fine-loamy, thermic Plinthic Kandiudult","r1 + r4",2,"Headline","pyraclostrobin","pyra","strobulurin","strobulurin","7.8",4,"Fishers LSD (p</=0.1",19.5,15.7,87.5,15.7,NA,NA,NA,NA,NA,NA,NA,NA,NA,NA,NA,NA,NA,NA,NA,NA,50.1,6.558,39.1,6.56,15.30873,0.850485,11.623295,0.850485,"PYR","single",NA,"strobilurin","1+","Percent",15.30873,11.623295,4,4,87.5,2,NA,NA,"strobilurin","high",2006,0.275411979859967,0.00291721522873302
"97",267,"Mueller ref 40",40,2006,"FL","NFREC","fine-loamy, thermic Plinthic Kandiudult","r2 + r4",2,"Domark","tetraconazole","TETR","triazole","triazole","5",4,"Fishers LSD (p</=0.1",1.4,1.9,37.5,1.9,NA,NA,NA,NA,NA,NA,NA,NA,NA,NA,NA,NA,NA,NA,NA,NA,70,6.6,62.9,6.6,15.87572,0.56699,15.30873,0.56699,"TETR","single",NA,"triazole","2+","Percent",15.87572,15.30873,4,4,37.5,2,NA,NA,"triazole","low",2006,0.0363676441708748,0.00205865962485622
"98",268,"Mueller ref 40",40,2006,"FL","NFREC","fine-loamy, thermic Plinthic Kandiudult","r2 + r4",2,"Domark + Quadris","tetraconazole + azoxystrobin","tetr+azo","mixed modes of action","mma","5 + 4.2",4,"Fishers LSD (p</=0.1",0,1.9,37.5,1.9,NA,NA,NA,NA,NA,NA,NA,NA,NA,NA,NA,NA,NA,NA,NA,NA,71.2,6.6,62.9,6.6,16.159215,0.56699,15.30873,0.56699,"MIXED","complete","AZO + TETR","triaz + strob","2+","Percent",16.159215,15.30873,4,4,37.5,2,NA,"MIXED","triaz + strob","low",2006,0.0540672212702758,0.00202416099241987
"99",269,"Mueller ref 40",40,2006,"FL","NFREC","fine-loamy, thermic Plinthic Kandiudult","r2 + r4",2,"Domark + Orthene","tetraconazole + orthene","tetr+ort","mixed modes of action","mma","5 + .75",4,"Fishers LSD (p</=0.1",0,1.9,37.5,1.9,NA,NA,NA,NA,NA,NA,NA,NA,NA,NA,NA,NA,NA,NA,NA,NA,68.1,6.6,62.9,6.6,15.87572,0.56699,15.30873,0.56699,"MIXED","complete","ORTH + TETR","triaz + other","2+","Percent",15.87572,15.30873,4,4,37.5,2,NA,"MIXED",NA,"low",2006,0.0363676441708748,0.00205865962485622
"100",270,"Mueller ref 40",40,2006,"FL","NFREC","fine-loamy, thermic Plinthic Kandiudult","r2 + r4",2,"Domark + crop oil","tetraconazole + crop oil","tetr+cro","mixed modes of action","mma","5 + 1",4,"Fishers LSD (p</=0.1",0,1.9,37.5,1.9,NA,NA,NA,NA,NA,NA,NA,NA,NA,NA,NA,NA,NA,NA,NA,NA,67.2,6.6,62.9,6.6,15.592225,0.56699,15.30873,0.56699,"MIXED","complete","CROP + TETR","triaz + other","2+","Percent",15.592225,15.30873,4,4,37.5,2,NA,"MIXED",NA,"low",2006,0.0183491386681964,0.00209505705717748
"101",316,"Mueller ref 45",45,2006,"FL","NFREC","","r2",1,"Topguard","flutrifol","flut","triazole","triazole","7",4,"Fishers LSD (p</=0.1",0,21.2,60,21.2,NA,NA,NA,NA,NA,NA,NA,NA,NA,NA,NA,NA,NA,NA,NA,NA,72.5,5.9,60.3,5.9,15.88,NA,15.3,NA,"FLUT","single",NA,"triazole","2","Percent",15.88,15.3,4,4,60,1,NA,"FLUT","triazole","medium",2006,0.0372076274206,0.00205934270844754
"102",317,"Mueller ref 45",45,2006,"FL","NFREC","","r2",1,"Topguard","flutrifol","flut","triazole","triazole","11",4,"Fishers LSD (p</=0.1",0,21.2,60,21.2,NA,NA,NA,NA,NA,NA,NA,NA,NA,NA,NA,NA,NA,NA,NA,NA,68.4,5.9,60.3,5.9,15.6,NA,15.3,NA,"FLUT","single",NA,"triazole","2","Percent",15.6,15.3,4,4,60,1,NA,"FLUT","triazole","medium",2006,0.0194180858571015,0.00209524999361749
"103",318,"Mueller ref 45",45,2006,"FL","NFREC","","r2",1,"Topguard","flutrifol","flut","triazole","triazole","14",4,"Fishers LSD (p</=0.1",0,21.2,60,21.2,NA,NA,NA,NA,NA,NA,NA,NA,NA,NA,NA,NA,NA,NA,NA,NA,70,5.9,60.3,5.9,16.2,NA,15.3,NA,"FLUT","single",NA,"triazole","2","Percent",16.2,15.3,4,4,60,1,NA,"FLUT","triazole","medium",2006,0.0571584138399486,0.00202056400171085
"104",319,"Mueller ref 45",45,2006,"FL","NFREC","","r2",1,"Topguard","flutrifol","flut","triazole","triazole","7",4,"Fishers LSD (p</=0.1",16.9,21.2,60,21.2,NA,NA,NA,NA,NA,NA,NA,NA,NA,NA,NA,NA,NA,NA,NA,NA,67.7,5.9,60.3,5.9,15.88,NA,15.3,NA,"FLUT","single",NA,"triazole","2","Percent",15.88,15.3,4,4,60,1,NA,"FLUT","triazole","medium",2006,0.0372076274206,0.00205934270844754
"105",320,"Mueller ref 45",45,2006,"FL","NFREC","","r2+r4 or r5",2,"Topguard","flutrifol","flut","triazole","triazole","7.0 + 11.0",4,"Fishers LSD (p</=0.1",5.8,21.2,60,21.2,NA,NA,NA,NA,NA,NA,NA,NA,NA,NA,NA,NA,NA,NA,NA,NA,68.6,5.9,60.3,5.9,16.2,NA,15.3,NA,"FLUT","single",NA,"triazole","2+","Percent",16.2,15.3,4,4,60,2,NA,"FLUT","triazole","medium",2006,0.0571584138399486,0.00202056400171085
"106",321,"Mueller ref 45",45,2006,"FL","NFREC","","r2+r4 or r5",2,"Topguard","flutrifol","flut","triazole","triazole","7.0 + 14.0",4,"Fishers LSD (p</=0.1",0,21.2,60,21.2,NA,NA,NA,NA,NA,NA,NA,NA,NA,NA,NA,NA,NA,NA,NA,NA,66.7,5.9,60.3,5.9,15.88,NA,15.3,NA,"FLUT","single",NA,"triazole","2+","Percent",15.88,15.3,4,4,60,2,NA,"FLUT","triazole","medium",2006,0.0372076274206,0.00205934270844754
"107",322,"Mueller ref 45",45,2006,"FL","NFREC","","r2+r4 or r5",2,"Topguard","flutrifol","flut","triazole","triazole","7",4,"Fishers LSD (p</=0.1",0,21.2,60,21.2,NA,NA,NA,NA,NA,NA,NA,NA,NA,NA,NA,NA,NA,NA,NA,NA,66.9,5.9,60.3,5.9,16.44,NA,15.3,NA,"FLUT","single",NA,"triazole","2+","Percent",16.44,15.3,4,4,60,2,NA,"FLUT","triazole","medium",2006,0.071864561229644,0.00199295391662705
"108",323,"Mueller ref 45",45,2006,"FL","NFREC","","r2+r4 or r5",2,"Topguard","flutrifol","flut","triazole","triazole","7.0 + 11.0",4,"Fishers LSD (p</=0.1",0,21.2,60,21.2,NA,NA,NA,NA,NA,NA,NA,NA,NA,NA,NA,NA,NA,NA,NA,NA,70.8,5.9,60.3,5.9,15.88,NA,15.3,NA,"FLUT","single",NA,"triazole","2+","Percent",15.88,15.3,4,4,60,2,NA,"FLUT","triazole","medium",2006,0.0372076274206,0.00205934270844754
"109",324,"Mueller ref 45",45,2006,"FL","NFREC","","r2+r4 or r5",2,"Topguard","flutrifol","flut","triazole","triazole","7.0 + 14.0",4,"Fishers LSD (p</=0.1",0,21.2,60,21.2,NA,NA,NA,NA,NA,NA,NA,NA,NA,NA,NA,NA,NA,NA,NA,NA,66.1,5.9,60.3,5.9,16.44,NA,15.3,NA,"FLUT","single",NA,"triazole","2+","Percent",16.44,15.3,4,4,60,2,NA,"FLUT","triazole","medium",2006,0.071864561229644,0.00199295391662705
"110",325,"Mueller ref 45",45,2006,"FL","NFREC","","r2+r4 or r5",2,"Folicur","tebuconazole","TEBU","triazole","triazole","3.6",4,"Fishers LSD (p</=0.1",10.1,21.2,60,21.2,NA,NA,NA,NA,NA,NA,NA,NA,NA,NA,NA,NA,NA,NA,NA,NA,62.1,5.9,60.3,5.9,15.6,NA,15.3,NA,"TEBU","single",NA,"triazole","2+","Percent",15.6,15.3,4,4,60,2,NA,"TEBU","triazole","medium",2006,0.0194180858571015,0.00209524999361749
"111",326,"Mueller ref 45",45,2006,"FL","NFREC","","r2",1,"Topguard","flutrifol","flut","triazole","triazole","3.5",4,"Fishers LSD (p</=0.1",14.5,21.8,67,21.8,NA,NA,NA,NA,NA,NA,NA,NA,NA,NA,NA,NA,NA,NA,NA,NA,62.8,6.7,53.4,6.7,14.7,0.85,13.3,0.03,"FLUT","single",NA,"triazole","2","Percent",14.7,13.3,4,4,67,1,NA,"FLUT","triazole","medium",2006,0.100083458556982,0.00257023306052969
"112",327,"Mueller ref 45",45,2006,"FL","NFREC","","r2",1,"Topguard","flutrifol","flut","triazole","triazole","5",4,"Fishers LSD (p</=0.1",5.5,21.8,67,21.8,NA,NA,NA,NA,NA,NA,NA,NA,NA,NA,NA,NA,NA,NA,NA,NA,60.1,6.7,53.4,6.7,15.3,0.85,13.3,0.03,"FLUT","single",NA,"triazole","2","Percent",15.3,13.3,4,4,67,1,NA,"FLUT","triazole","medium",2006,0.140088793170682,0.00248127301784026
"113",328,"Mueller ref 45",45,2006,"FL","NFREC","","r2",1,"Topguard","flutrifol","flut","triazole","triazole","7",4,"Fishers LSD (p</=0.1",5.8,21.8,67,21.8,NA,NA,NA,NA,NA,NA,NA,NA,NA,NA,NA,NA,NA,NA,NA,NA,66.7,6.7,53.4,6.7,15,0.85,13.3,0.03,"FLUT","single",NA,"triazole","2","Percent",15,13.3,4,4,67,1,NA,"FLUT","triazole","medium",2006,0.120286165874502,0.00252441881646472
"114",329,"Mueller ref 45",45,2006,"FL","NFREC","","r2",1,"Topguard","flutrifol","flut","triazole","triazole","11",4,"Fishers LSD (p</=0.1",2.8,21.8,67,21.8,NA,NA,NA,NA,NA,NA,NA,NA,NA,NA,NA,NA,NA,NA,NA,NA,61.7,6.7,53.4,6.7,15.6,0.85,13.3,0.03,"FLUT","single",NA,"triazole","2","Percent",15.6,13.3,4,4,67,1,NA,"FLUT","triazole","medium",2006,0.159506879027783,0.00244059238648444
"115",330,"Mueller ref 45",45,2006,"FL","NFREC","","r2+r4 or r5",2,"Topguard+NIS","flutrifol","flut","triazole","triazole","5.0 + 0.25%",4,"Fishers LSD (p</=0.1",2.8,21.8,67,21.8,NA,NA,NA,NA,NA,NA,NA,NA,NA,NA,NA,NA,NA,NA,NA,NA,65.1,6.7,53.4,6.7,15,0.85,13.3,0.03,"FLUT","single",NA,"triazole","2+","Percent",15,13.3,4,4,67,2,NA,"FLUT","triazole","medium",2006,0.120286165874502,0.00252441881646472
"116",331,"Mueller ref 45",45,2006,"FL","NFREC","","r2+r4 or r5",2,"Topguard+Penncozeb","flutrifol+ethylenebisdithiocarbamate","flut+eth","mixed modes of action","mma","7.0 + 20.0",4,"Fishers LSD (p</=0.1",8.5,21.8,67,21.8,NA,NA,NA,NA,NA,NA,NA,NA,NA,NA,NA,NA,NA,NA,NA,NA,67.2,6.7,53.4,6.7,15,0.85,13.3,0.03,"MIXED","complete","ETH + FLUT","triaz + other","2+","Percent",15,13.3,4,4,67,2,NA,"MIXED",NA,"medium",2006,0.120286165874502,0.00252441881646472
"117",332,"Mueller ref 45",45,2006,"FL","NFREC","","r2+r4 or r5",2,"Topguard+Headline","flutrifol+pyraclostrobin","flut+pyra","mixed modes of aciton","mma","7.0 + 6.0",4,"Fishers LSD (p</=0.1",5.5,21.8,67,21.8,NA,NA,NA,NA,NA,NA,NA,NA,NA,NA,NA,NA,NA,NA,NA,NA,65.6,6.7,53.4,6.7,15.3,0.85,13.3,0.03,"MIXED","complete","FLUT + PYR","triaz + strob","2+","Percent",15.3,13.3,4,4,67,2,NA,"MIXED","triaz + strob","medium",2006,0.140088793170682,0.00248127301784026
"118",467,"Douglas et al ref 65",65,2008,"FL","NFREC","","r3",1,"Topguard","flutriafol","flut","triazole","triazole","7",4,"Fishers LSD (p</=0.1",50,10,87.5,10,NA,NA,NA,NA,NA,NA,NA,NA,NA,NA,NA,NA,NA,NA,NA,NA,39.7,5.4,22.1,5.4,0.48,0.03,0.34,0.03,"FLUT","single",NA,"triazole","3","Percent",0.48,0.34,4,4,87.5,1,"3","FLUT","triazole","high",NA,0.344840486291729,3.24769920222991
"119",468,"Douglas et al ref 65",65,2008,"FL","NFREC","","r3,r5",2,"Headline fb Folicur","pyraclostrobin fb tebuconizole","pyra fb tebu","mixed modes of action","mma","6 fb  4",4,"Fishers LSD (p</=0.1",53.1,10,87.5,10,NA,NA,NA,NA,NA,NA,NA,NA,NA,NA,NA,NA,NA,NA,NA,NA,36.6,5.4,22.1,5.4,0.48,0.03,0.34,0.03,"DUAL","complete","PYR fb TEBU","series strob fb triaz","3","Percent",0.48,0.34,4,4,87.5,2,"3",NA,NA,"high",NA,0.344840486291729,3.24769920222991
"120",469,"Douglas et al ref 65",65,2008,"FL","NFREC","","r3",1,"Laredo","myclobutanil","MYC","triazole","triazole","7",4,"Fishers LSD (p</=0.1",62.5,10,87.5,10,NA,NA,NA,NA,NA,NA,NA,NA,NA,NA,NA,NA,NA,NA,NA,NA,35.3,5.4,22.1,5.4,0.44,0.03,0.34,0.03,"MYC","single",NA,"triazole","3","Percent",0.44,0.34,4,4,87.5,1,"3",NA,"triazole","high",NA,0.2578291093021,3.45395207183505
"121",470,"Douglas et al ref 65",65,2008,"FL","NFREC","","r3",1,"Alto","cyproconazole","cypr","triazole","triazole","4",4,"Fishers LSD (p</=0.1",59.4,10,87.5,10,NA,NA,NA,NA,NA,NA,NA,NA,NA,NA,NA,NA,NA,NA,NA,NA,34.4,5.4,22.1,5.4,0.41,0.03,0.34,0.03,"CYPR","single",NA,"triazole","3","Percent",0.41,0.34,4,4,87.5,1,"3",NA,"triazole","high",NA,0.187211542088146,3.64983975183663
"122",471,"Douglas et al ref 65",65,2008,"FL","NFREC","","r3",1,"Punch + Picoxy","flusilazole + carbendazim + picoxy","flus + carb + picoxy","mixed modes of action","mma","4 + 6",4,"Fishers LSD (p</=0.1",65.6,10,87.5,10,NA,NA,NA,NA,NA,NA,NA,NA,NA,NA,NA,NA,NA,NA,NA,NA,33.1,5.4,22.1,5.4,0.41,0.03,0.34,0.03,"MIXED","complete","CARB + FLUS + PICO","triaz + strob + thio","3","Percent",0.41,0.34,4,4,87.5,1,"3","MIXED",NA,"high",NA,0.187211542088146,3.64983975183663
"123",472,"Douglas et al ref 65",65,2008,"FL","NFREC","","r3",1,"KFD-21-03","unknown","unknown","unknown","unknown","20",4,"Fishers LSD (p</=0.1",59.4,10,87.5,10,NA,NA,NA,NA,NA,NA,NA,NA,NA,NA,NA,NA,NA,NA,NA,NA,32.6,5.4,22.1,5.4,0.43,0.03,0.34,0.03,"other","single",NA,"other","3","Percent",0.43,0.34,4,4,87.5,1,"3",NA,NA,"high",NA,0.234839591077401,3.51471196438363
"124",473,"Douglas et al ref 65",65,2008,"FL","NFREC","","r3",1,"Tebzol","tebuconizole","tebu","triazole","triazole","4",4,"Fishers LSD (p</=0.1",65.6,10,87.5,10,NA,NA,NA,NA,NA,NA,NA,NA,NA,NA,NA,NA,NA,NA,NA,NA,32.6,5.4,22.1,5.4,0.4,0.03,0.34,0.03,"TEBU","single",NA,"triazole","3","Percent",0.4,0.34,4,4,87.5,1,"3","TEBU","triazole","high",NA,0.162518929497775,3.72512975778547
"125",474,"Douglas et al ref 65",65,2008,"FL","NFREC","","r3",1,"Folicur","tebuconazole","TEBU","triazole","triazole","4",4,"Fishers LSD (p</=0.1",65.6,10,87.5,10,NA,NA,NA,NA,NA,NA,NA,NA,NA,NA,NA,NA,NA,NA,NA,NA,32.5,5.4,22.1,5.4,0.42,0.03,0.34,0.03,"TEBU","single",NA,"triazole","3","Percent",0.42,0.34,4,4,87.5,1,"3","TEBU","triazole","high",NA,0.211309093667207,3.57986331787617
"126",475,"Douglas et al ref 65",65,2008,"FL","NFREC","","r5",1,"Topguard","flutriafol","flut","triazole","triazole","7",4,"Fishers LSD (p</=0.1",68.8,10,87.5,10,NA,NA,NA,NA,NA,NA,NA,NA,NA,NA,NA,NA,NA,NA,NA,NA,30.5,5.4,22.1,5.4,0.43,0.03,0.34,0.03,"FLUT","single",NA,"triazole","5","Percent",0.43,0.34,4,4,87.5,1,NA,"FLUT","triazole","high",NA,0.234839591077401,3.51471196438363
"127",476,"Douglas et al ref 65",65,2008,"FL","NFREC","","r5",1,"Domark","tetraconizole","TETR","triazole","triazole","5",4,"Fishers LSD (p</=0.1",65.6,10,87.5,10,NA,NA,NA,NA,NA,NA,NA,NA,NA,NA,NA,NA,NA,NA,NA,NA,30.1,5.4,22.1,5.4,0.42,0.03,0.34,0.03,"TETR","single",NA,"triazole","5","Percent",0.42,0.34,4,4,87.5,1,NA,NA,"triazole","high",NA,0.211309093667207,3.57986331787617
"128",477,"Douglas et al ref 65",65,2008,"FL","NFREC","","r3",1,"LABS + Laredo","unknown + myclobutanil","unknown + myc","mixed modes of action","mma","52 + 3",4,"Fishers LSD (p</=0.1",68.8,10,87.5,10,NA,NA,NA,NA,NA,NA,NA,NA,NA,NA,NA,NA,NA,NA,NA,NA,28.6,5.4,22.1,5.4,0.39,0.03,0.34,0.03,"MIXED","complete","MYC + OTH","triaz + other","3","Percent",0.39,0.34,4,4,87.5,1,"3","MIXED",NA,"high",NA,0.137201121513485,3.8062852475948
"129",478,"Douglas et al ref 65",65,2008,"FL","NFREC","","r5",1,"Laredo","myclobutanil","MYC","triazole","triazole","7",4,"Fishers LSD (p</=0.1",68.8,10,87.5,10,NA,NA,NA,NA,NA,NA,NA,NA,NA,NA,NA,NA,NA,NA,NA,NA,28.4,5.4,22.1,5.4,0.42,0.03,0.34,0.03,"MYC","single",NA,"triazole","5","Percent",0.42,0.34,4,4,87.5,1,NA,NA,"triazole","high",NA,0.211309093667207,3.57986331787617
"130",479,"Douglas et al ref 65",65,2008,"FL","NFREC","","r3",1,"Stratego","propiconizole + trifloxystrobin","prop + trif","triazole + strobilurin","mma","10",4,"Fishers LSD (p</=0.1",71.9,10,87.5,10,NA,NA,NA,NA,NA,NA,NA,NA,NA,NA,NA,NA,NA,NA,NA,NA,27.3,5.4,22.1,5.4,0.37,0.03,0.34,0.03,"MIXED","complete","PROP + TRIF","triaz + strob","3","Percent",0.37,0.34,4,4,87.5,1,"3","MIXED","triaz + strob","high",NA,0.084557388028063,3.98878023258459
"131",480,"Douglas et al ref 65",65,2008,"FL","NFREC","","r3",1,"LABS ","unknown","unknown","mixed modes of action","unknown","104",4,"Fishers LSD (p</=0.1",75,10,87.5,10,NA,NA,NA,NA,NA,NA,NA,NA,NA,NA,NA,NA,NA,NA,NA,NA,26.9,5.4,22.1,5.4,0.35,0.03,0.34,0.03,"other","single",NA,"other","3","Percent",0.35,0.34,4,4,87.5,1,"3",NA,NA,"high",NA,0.0289875368732522,4.20344608431608
"132",481,"Douglas et al ref 65",65,2008,"FL","NFREC","","r3",1,"Headline","pyraclostrobin","pyraclostrobin","strobilurin","strobilurin","6",4,"Fishers LSD (p</=0.1",71.9,10,87.5,10,NA,NA,NA,NA,NA,NA,NA,NA,NA,NA,NA,NA,NA,NA,NA,NA,26.4,5.4,22.1,5.4,0.37,0.03,0.34,0.03,"PYR","single",NA,"strobilurin","3","Percent",0.37,0.34,4,4,87.5,1,"3",NA,"strobilurin","high",NA,0.084557388028063,3.98878023258459
"133",482,"Douglas et al ref 65",65,2008,"FL","NFREC","","r3",1,"Kocide","copper hydroxide","unknown","unknown","unknown","2lb",4,"Fishers LSD (p</=0.1",75,10,87.5,10,NA,NA,NA,NA,NA,NA,NA,NA,NA,NA,NA,NA,NA,NA,NA,NA,25.7,5.4,22.1,5.4,0.35,0.03,0.34,0.03,"other","single",NA,"other","3","Percent",0.35,0.34,4,4,87.5,1,"3",NA,NA,"high",NA,0.0289875368732522,4.20344608431608
"134",483,"Douglas et al ref 65",65,2008,"FL","NFREC","","r3,r5",2,"Quadris Xtra fb Alto","cyproconazole + azoxystrobin fb cyproconazole","cyp + azo fb cyp","mixed modes of action","mma","6 fb 4",4,"Fishers LSD (p</=0.1",43.8,10,87.5,10,NA,NA,NA,NA,NA,NA,NA,NA,NA,NA,NA,NA,NA,NA,NA,NA,23.6,5.4,22.1,5.4,0.51,0.03,0.34,0.03,"DUAL","complete","AZO + CYPR fb CYPR","series triaz + strob fb triaz","3","Percent",0.51,0.34,4,4,87.5,2,"3",NA,NA,"high",NA,0.405465108108164,3.12379853902345
"135",484,"Douglas et al ref 65",65,2008,"FL","NFREC","","r3",1,"LABS ","unknown","unknown","unknown","unknown","52",4,"Fishers LSD (p</=0.1",78.1,10,87.5,10,NA,NA,NA,NA,NA,NA,NA,NA,NA,NA,NA,NA,NA,NA,NA,NA,23.5,5.4,22.1,5.4,0.35,0.03,0.34,0.03,"other","single",NA,"other","3","Percent",0.35,0.34,4,4,87.5,1,"3",NA,NA,"high",NA,0.0289875368732522,4.20344608431608
"136",485,"Douglas et al ref 66",66,2008,"FL","NFREC","","r4",1,"Topguard","flutriafol","flut","triazole","triazole","7",4,"Fishers LSD (p</=0.1",50,10.9,75,10.9,NA,NA,NA,NA,NA,NA,NA,NA,NA,NA,NA,NA,NA,NA,NA,NA,32.7,5.3,16.7,5.3,0.512,0.032,0.348,0.032,"FLUT","single",NA,"triazole","4","Percent",0.512,0.348,4,4,75,1,NA,"FLUT","triazole","high",NA,0.386122145265034,3.01801570892838
"137",486,"Douglas et al ref 66",66,2008,"FL","NFREC","","r4",1,"Topguard","flutriafol","flut","triazole","triazole","11",4,"Fishers LSD (p</=0.1",40.6,10.9,75,10.9,NA,NA,NA,NA,NA,NA,NA,NA,NA,NA,NA,NA,NA,NA,NA,NA,35.9,5.3,16.7,5.3,0.536,0.032,0.348,0.032,"FLUT","single",NA,"triazole","4","Percent",0.536,0.348,4,4,75,1,NA,"FLUT","triazole","high",NA,0.431931681296328,2.93452406126795
"138",487,"Douglas et al ref 66",66,2008,"FL","NFREC","","r4",1,"Topguard","flutriaf fb flutriafol","flut","triazole","triazole","14",4,"Fishers LSD (p</=0.1",43.8,10.9,75,10.9,NA,NA,NA,NA,NA,NA,NA,NA,NA,NA,NA,NA,NA,NA,NA,NA,36.8,5.3,16.7,5.3,0.536,0.032,0.348,0.032,"FLUT","single",NA,"triazole","4","Percent",0.536,0.348,4,4,75,1,NA,"FLUT","triazole","high",NA,0.431931681296328,2.93452406126795
"139",488,"Douglas et al ref 66",66,2008,"FL","NFREC","","r4,r5",2,"Topguard fb Topguard","flutriaf fb flutriafol","flut","triazole","triazole","7,7",4,"Fishers LSD (p</=0.1",46.9,10.9,75,10.9,NA,NA,NA,NA,NA,NA,NA,NA,NA,NA,NA,NA,NA,NA,NA,NA,32.5,5.3,16.7,5.3,0.53,0.032,0.348,0.032,"FLUT","single",NA,"triazole","4","Percent",0.53,0.348,4,4,75,2,NA,"FLUT","triazole","high",NA,0.420674526771693,2.95433783253637
"140",489,"Douglas et al ref 66",66,2008,"FL","NFREC","","r4,r5",2,"Topguard fb Topguard","flutriaf fb flutriafol","flut","triazole","triazole","7,11",4,"Fishers LSD (p</=0.1",43.8,10.9,75,10.9,NA,NA,NA,NA,NA,NA,NA,NA,NA,NA,NA,NA,NA,NA,NA,NA,35.9,5.3,16.7,5.3,0.518,0.032,0.348,0.032,"FLUT","single",NA,"triazole","4","Percent",0.518,0.348,4,4,75,2,NA,"FLUT","triazole","high",NA,0.397772762485009,2.99605081844005
"141",490,"Douglas et al ref 66",66,2008,"FL","NFREC","","r4,r5",2,"Topguard fb Topguard","flutriaf fb flutriafol","flut","triazole","triazole","7,14",4,"Fishers LSD (p</=0.1",53.1,10.9,75,10.9,NA,NA,NA,NA,NA,NA,NA,NA,NA,NA,NA,NA,NA,NA,NA,NA,36.9,5.3,16.7,5.3,0.554,0.032,0.348,0.032,"FLUT","single",NA,"triazole","4","Percent",0.554,0.348,4,4,75,2,NA,"FLUT","triazole","high",NA,0.46496220697281,2.87889651509638
"142",491,"Douglas et al ref 66",66,2008,"FL","NFREC","","r4,r6",2,"Topguard fb Topguard","flutriaf fb flutriafol","flut","triazole","triazole","7,7",4,"Fishers LSD (p</=0.1",56.3,10.9,75,10.9,NA,NA,NA,NA,NA,NA,NA,NA,NA,NA,NA,NA,NA,NA,NA,NA,32.1,5.3,16.7,5.3,0.549,0.032,0.348,0.032,"FLUT","single",NA,"triazole","4","Percent",0.549,0.348,4,4,75,2,NA,"FLUT","triazole","high",NA,0.455895961735056,2.89380114879368
"143",492,"Douglas et al ref 66",66,2008,"FL","NFREC","","r4,r6",2,"Topguard fb Topguard","flutriaf fb flutriafol","flut","triazole","triazole","7,11",4,"Fishers LSD (p</=0.1",53.1,10.9,75,10.9,NA,NA,NA,NA,NA,NA,NA,NA,NA,NA,NA,NA,NA,NA,NA,NA,32,5.3,16.7,5.3,0.536,0.032,0.348,0.032,"FLUT","single",NA,"triazole","4","Percent",0.536,0.348,4,4,75,2,NA,"FLUT","triazole","high",NA,0.431931681296328,2.93452406126795
"144",493,"Douglas et al ref 66",66,2008,"FL","NFREC","","r4,r6",2,"Topguard fb Topguard","flutriaf fb flutriafol","flut","triazole","triazole","7,14",4,"Fishers LSD (p</=0.1",53.1,10.9,75,10.9,NA,NA,NA,NA,NA,NA,NA,NA,NA,NA,NA,NA,NA,NA,NA,NA,32.8,5.3,16.7,5.3,0.502,0.032,0.348,0.032,"FLUT","single",NA,"triazole","4","Percent",0.502,0.348,4,4,75,2,NA,"FLUT","triazole","high",NA,0.366397639917255,3.05638913779601
"145",494,"Douglas et al ref 66",66,2008,"FL","NFREC","","r4",1,"Topguard +NIS","flutriafol + other","flut","triazole","triazole","7+.25v/v",4,"Fishers LSD (p</=0.1",56.3,10.9,75,10.9,NA,NA,NA,NA,NA,NA,NA,NA,NA,NA,NA,NA,NA,NA,NA,NA,32.6,5.3,16.7,5.3,0.54,0.032,0.348,0.032,"FLUT","single",NA,"triazole","4","Percent",0.54,0.348,4,4,75,1,NA,"FLUT","triazole","high",NA,0.439366659783846,2.92168021282391
"146",495,"Douglas et al ref 66",66,2008,"FL","NFREC","","r4",1,"Topguard + Headline","flutriafol + pyraclostrobin","flut + pyra","mixed modes of action","mma","7,6",4,"Fishers LSD (p</=0.1",53.1,10.9,75,10.9,NA,NA,NA,NA,NA,NA,NA,NA,NA,NA,NA,NA,NA,NA,NA,NA,33.3,5.3,16.7,5.3,0.548,0.032,0.348,0.032,"MIXED","complete","FLUT + PYR","triaz + strob","4","Percent",0.548,0.348,4,4,75,1,NA,"MIXED","triaz + strob","high",NA,0.454072807173541,2.89683113624849
"147",496,"Douglas et al ref 66",66,2008,"FL","NFREC","","r4",1,"Topguard + Topsin","flutriafol + thiophanate methyl","flut + thio","mixed modes of action","mma","7,15",4,"Fishers LSD (p</=0.1",54.9,10.9,75,10.9,NA,NA,NA,NA,NA,NA,NA,NA,NA,NA,NA,NA,NA,NA,NA,NA,33.2,5.3,16.7,5.3,0.53,0.032,0.348,0.032,"MIXED","complete","FLUT + THIO","triaz + thio","4","Percent",0.53,0.348,4,4,75,1,NA,"MIXED",NA,"high",NA,0.420674526771693,2.95433783253637
"148",497,"Douglas et al ref 66",66,2008,"FL","NFREC","","r4,r5",2,"Folicur fb Folicur","tebuconazole fb tebuconazole","tebu fb tebu","triazole fb triazole","triazole","4,4",4,"Fishers LSD (p</=0.1",53.1,10.9,75,10.9,NA,NA,NA,NA,NA,NA,NA,NA,NA,NA,NA,NA,NA,NA,NA,NA,35.8,5.3,16.7,5.3,0.536,0.032,0.348,0.032,"TEBU","single",NA,"triazole","4","Percent",0.536,0.348,4,4,75,2,NA,"TEBU","triazole","high",NA,0.431931681296328,2.93452406126795
